Year,Plot,Block,YOR,Nlevel,Time,EarDw,EarNper,GDD,EarNmg,yr_block
2016,101,1,1946,0,1,0.00187,6.77,-9.2,0,2016_1
2016,101,1,1946,0,2,0.16527,4.92,97.7,8.137586,2016_1
2016,101,1,1946,0,3,1.222,3.31,164.85,40.440007,2016_1
2016,101,1,1946,0,4,9.8,2.126612663,280.85,208.408041,2016_1
2016,101,1,1946,0,5,14.99,1.617211938,388.35,242.420069,2016_1
2016,102,1,1958,0,1,0.02021,6.75,44,1.363787,2016_1
2016,102,1,1958,0,2,0.30179,4.06,150.9,12.251156,2016_1
2016,102,1,1958,0,3,1.859,2.82,218.05,52.348664,2016_1
2016,102,1,1958,0,4,15.18,1.913716912,334.05,290.502227,2016_1
2016,102,1,1958,0,5,25.19,1.435406327,441.55,361.578854,2016_1
2016,103,1,1967,0,1,0,6.94,-9.2,0,2016_1
2016,103,1,1967,0,2,0.11936,6.14,97.7,7.326766,2016_1
2016,103,1,1967,0,3,1.74,2.85,217.6,49.560208,2016_1
2016,103,1,1967,0,4,6.8,2.181466341,280.85,148.339711,2016_1
2016,103,1,1967,0,5,15.69,1.692075968,388.35,265.486719,2016_1
2016,104,1,1976,0,1,0,6.54,25.95,0,2016_1
2016,104,1,1976,0,2,0.10705,6.07,132.85,6.494156,2016_1
2016,104,1,1976,0,3,1.899,2.8,252.75,53.173923,2016_1
2016,104,1,1976,0,4,7.65,2.021168232,316,154.61937,2016_1
2016,104,1,1976,0,5,18.2,1.607559919,423.5,292.575905,2016_1
2016,105,1,2003,0,1,0.02421,6.79,77.35,1.644698,2016_1
2016,105,1,2003,0,2,0.47868,4.48,184.25,21.426033,2016_1
2016,105,1,2003,0,3,1.66,2.93,251.4,48.644314,2016_1
2016,105,1,2003,0,4,13.87,1.810171008,367.4,251.070719,2016_1
2016,105,1,2003,0,5,23.47,1.357480764,474.9,318.600735,2016_1
2016,106,1,1995,0,1,0.01434,7.34,77.35,1.052244,2016_1
2016,106,1,1995,0,2,0.23725,4.98,184.25,11.825673,2016_1
2016,106,1,1995,0,3,1.242,3.27,251.4,40.555177,2016_1
2016,106,1,1995,0,4,13.03,2.03298831,367.4,264.898377,2016_1
2016,106,1,1995,0,5,22.34,1.43647182,474.9,320.907805,2016_1
2016,107,1,2015,0,1,0.00322,5.27,25.95,0.169739,2016_1
2016,107,1,2015,0,2,0.14165,5.71,132.85,8.093354,2016_1
2016,107,1,2015,0,3,2.11,3.05,252.75,64.355512,2016_1
2016,107,1,2015,0,4,9.29,1.985263705,316,184.430998,2016_1
2016,107,1,2015,0,5,23.64,1.36208427,423.5,321.996721,2016_1
2016,108,1,1946,4,1,0.01167,7.28,44,0.849369,2016_1
2016,108,1,1946,4,2,0.18354,5.82,150.9,10.687772,2016_1
2016,108,1,1946,4,3,1.47,3.56,218.05,52.369069,2016_1
2016,108,1,1946,4,4,11.59,2.361497164,334.05,273.697521,2016_1
2016,108,1,1946,4,5,28.2,1.829413176,441.55,515.894516,2016_1
2016,109,1,1958,4,1,0.00631,7.51,44,0.473943,2016_1
2016,109,1,1958,4,2,0.33114,5,150.9,16.541036,2016_1
2016,109,1,1958,4,3,1.846,3.25,218.05,60.070467,2016_1
2016,109,1,1958,4,4,13.27,2.161238909,334.05,286.796403,2016_1
2016,109,1,1958,4,5,32.11,1.744198084,441.55,560.062005,2016_1
2016,110,1,1967,4,1,0.00468,6.95,8,0.325468,2016_1
2016,110,1,1967,4,2,0.06419,7.53,114.9,4.830742,2016_1
2016,110,1,1967,4,3,2.393,2.87,234.8,68.636387,2016_1
2016,110,1,1967,4,4,8.03,2.378509283,298.05,190.994295,2016_1
2016,110,1,1967,4,5,20.1,1.943308115,405.55,390.604931,2016_1
2016,111,1,1976,4,1,0.00179,6.9,25.95,0,2016_1
2016,111,1,1976,4,2,0.09459,6.91,132.85,6.538468,2016_1
2016,111,1,1976,4,3,1.641,2.97,252.75,48.717958,2016_1
2016,111,1,1976,4,4,8.27,1.999468446,316,165.35604,2016_1
2016,111,1,1976,4,5,24.15,1.691562057,423.5,408.512237,2016_1
2016,112,1,2003,4,1,0.00306,6.18,60.95,0.189255,2016_1
2016,112,1,2003,4,2,0.47748,4.48,167.85,21.388868,2016_1
2016,112,1,2003,4,3,2.112,3.18,235,67.216422,2016_1
2016,112,1,2003,4,4,13.81,2.077204466,351,286.861937,2016_1
2016,112,1,2003,4,5,29.41,1.543310165,458.5,453.88752,2016_1
2016,113,1,1995,4,1,0.00037,7.52,60.95,0,2016_1
2016,113,1,1995,4,2,0.22472,5.61,167.85,12.606833,2016_1
2016,113,1,1995,4,3,1.219,3.67,235,44.745032,2016_1
2016,113,1,1995,4,4,12.36,2.299194574,351,284.180449,2016_1
2016,113,1,1995,4,5,40.3,1.540614247,458.5,620.867542,2016_1
2016,114,1,2015,4,1,0,7.1808,44,0,2016_1
2016,114,1,2015,4,2,0.14307,6.25,150.9,8.936526,2016_1
2016,114,1,2015,4,3,3.578,3.18,270.8,113.755706,2016_1
2016,114,1,2015,4,4,14.22,2.202017307,334.05,313.126861,2016_1
2016,114,1,2015,4,5,34.95,1.56479311,441.55,546.895192,2016_1
2016,115,1,1946,1,1,0.00189,6.77,8,0,2016_1
2016,115,1,1946,1,2,0.1516,5.41,114.9,8.19688,2016_1
2016,115,1,1946,1,3,0.986,3.45,182.05,33.984021,2016_1
2016,115,1,1946,1,4,7.35,2.369220734,298.05,174.137724,2016_1
2016,115,1,1946,1,5,24.86,1.814146638,405.55,450.996854,2016_1
2016,116,1,1958,1,1,0.01537,6.21,-9.2,0.954634,2016_1
2016,116,1,1958,1,2,0.18827,5.13,97.7,9.649116,2016_1
2016,116,1,1958,1,3,0.856,3.21,164.85,27.437067,2016_1
2016,116,1,1958,1,4,6.32,2.214020014,280.85,139.926065,2016_1
2016,116,1,1958,1,5,20.07,1.733865619,388.35,347.98683,2016_1
2016,117,1,1967,1,1,0.00089,6.94,-9.2,0,2016_1
2016,117,1,1967,1,2,0.04931,6.85,97.7,3.375993,2016_1
2016,117,1,1967,1,3,1.264,2.95,217.6,37.346432,2016_1
2016,117,1,1967,1,4,3.18,2.536621094,280.85,80.664551,2016_1
2016,117,1,1967,1,5,14.78,2.080280304,388.35,307.465429,2016_1
2016,118,1,1976,1,1,0.00119,6.54,-43.2,0,2016_1
2016,118,1,1976,1,2,0.10089,6.54,63.7,6.594186,2016_1
2016,118,1,1976,1,3,1.797,2.85,183.6,51.168947,2016_1
2016,118,1,1976,1,4,2.59,2.436661959,246.85,63.109545,2016_1
2016,118,1,1976,1,5,16.6,1.811898589,354.35,300.775166,2016_1
2016,119,1,2003,1,1,0.00945,6.9,44,0.652189,2016_1
2016,119,1,2003,1,2,0.28452,4.71,150.9,13.39916,2016_1
2016,119,1,2003,1,3,1.312,3.29,218.05,43.128567,2016_1
2016,119,1,2003,1,4,9.46,2.257380247,334.05,213.548171,2016_1
2016,119,1,2003,1,5,26.8,1.538662195,441.55,412.361468,2016_1
2016,120,1,1995,1,1,0.00689,7.41,44,0.51025,2016_1
2016,120,1,1995,1,2,0.18527,5.28,150.9,9.782191,2016_1
2016,120,1,1995,1,3,0.728,3.63,218.05,26.428789,2016_1
2016,120,1,1995,1,4,7.99,2.30004406,334.05,183.77352,2016_1
2016,120,1,1995,1,5,36.62,1.584733605,441.55,580.329446,2016_1
2016,122,1,1946,3,1,0.0172,7.33,25.95,1.260256,2016_1
2016,122,1,1946,3,2,0.38656,4.46,132.85,17.246843,2016_1
2016,122,1,1946,3,3,0.983,3.5,200,34.43977,2016_1
2016,122,1,1946,3,4,12.28,2.288048744,316,280.972386,2016_1
2016,122,1,1946,3,5,32.02,1.657476068,423.5,530.723837,2016_1
2016,123,1,1958,3,1,0.02346,7.52,44,1.763753,2016_1
2016,123,1,1958,3,2,0.3316,4.59,150.9,15.214595,2016_1
2016,123,1,1958,3,3,2.544,3.02,218.05,76.728023,2016_1
2016,123,1,1958,3,4,10.55,2.192826748,334.05,231.343222,2016_1
2016,123,1,1958,3,5,29.44,1.621674657,441.55,477.421019,2016_1
2016,124,1,1967,3,1,0,7.326666667,25.95,0,2016_1
2016,124,1,1967,3,2,0.10936,6.64,132.85,7.258627,2016_1
2016,124,1,1967,3,3,2.601,2.97,252.75,77.364852,2016_1
2016,124,1,1967,3,4,7.79,2.514265299,316,195.861267,2016_1
2016,124,1,1967,3,5,27.64,1.829314709,423.5,505.622585,2016_1
2016,125,1,1976,3,1,0.01079,8.32,25.95,0.897449,2016_1
2016,125,1,1976,3,2,0.15553,5.84,132.85,9.081568,2016_1
2016,125,1,1976,3,3,3.102,2.73,252.75,84.651445,2016_1
2016,125,1,1976,3,4,9.87,2.166102886,316,213.794355,2016_1
2016,125,1,1976,3,5,23.62,1.764425516,423.5,416.757307,2016_1
2016,126,1,2003,3,1,0.03445,6.9,77.35,2.378456,2016_1
2016,126,1,2003,3,2,0.55817,4.31,184.25,24.053177,2016_1
2016,126,1,2003,3,3,1.983,3.16,251.4,62.601259,2016_1
2016,126,1,2003,3,4,15.98,1.732236147,367.4,276.811336,2016_1
2016,126,1,2003,3,5,36.8,1.374272227,474.9,505.73218,2016_1
2016,127,1,1995,3,1,0.00944,6.77,77.35,0.639467,2016_1
2016,127,1,1995,3,2,0.43945,4.65,184.25,20.438434,2016_1
2016,127,1,1995,3,3,2.141,3.3,251.4,70.701722,2016_1
2016,127,1,1995,3,4,17.42,2.104414463,367.4,366.588999,2016_1
2016,127,1,1995,3,5,47.09,1.505587816,474.9,708.981303,2016_1
2016,128,1,2015,3,1,0.02126,7.71,44,1.640032,2016_1
2016,128,1,2015,3,2,0.22333,5.27,150.9,11.770918,2016_1
2016,128,1,2015,3,3,4.306,2.85,270.8,122.564989,2016_1
2016,128,1,2015,3,4,12.32,2.214170218,334.05,272.785771,2016_1
2016,128,1,2015,3,5,31.16,1.507366061,441.55,469.695265,2016_1
2016,129,1,1946,2,1,0.01118,7.46,60.95,0.833613,2016_1
2016,129,1,1946,2,2,0.35201,4.61,167.85,16.219128,2016_1
2016,129,1,1946,2,3,2.023,3.38,235,68.384044,2016_1
2016,129,1,1946,2,4,11.17,2.513301611,351,280.73579,2016_1
2016,129,1,1946,2,5,23.91,1.786731839,458.5,427.207583,2016_1
2016,130,1,1958,2,1,0.00208,6.625,44,0,2016_1
2016,130,1,1958,2,2,0.36132,4.38,150.9,15.822157,2016_1
2016,130,1,1958,2,3,1.406,3.22,218.05,45.322755,2016_1
2016,130,1,1958,2,4,11.25,1.962492466,334.05,220.780402,2016_1
2016,130,1,1958,2,5,31.57,1.72338891,441.55,544.073879,2016_1
2016,131,1,1967,2,1,0,7.133333333,44,0,2016_1
2016,131,1,1967,2,2,0.08319,6.67,150.9,5.552364,2016_1
2016,131,1,1967,2,3,2.023,3,270.8,60.753835,2016_1
2016,131,1,1967,2,4,7.2,2.510504723,334.05,180.75634,2016_1
2016,131,1,1967,2,5,15.29,2.004367352,441.55,306.467768,2016_1
2016,132,1,1976,2,1,0,6.59,25.95,0,2016_1
2016,132,1,1976,2,2,0.16539,5.66,132.85,9.360524,2016_1
2016,132,1,1976,2,3,1.796,3.04,252.75,54.640359,2016_1
2016,132,1,1976,2,4,9.39,2.141957998,316,201.129856,2016_1
2016,132,1,1976,2,5,22.84,1.604436755,423.5,366.453355,2016_1
2016,133,1,2003,2,1,0.04546,6.97,60.95,3.167617,2016_1
2016,133,1,2003,2,2,0.54319,4.42,167.85,24.013904,2016_1
2016,133,1,2003,2,3,1.817,3.22,235,58.565836,2016_1
2016,133,1,2003,2,4,14.78,1.927535892,351,284.889805,2016_1
2016,133,1,2003,2,5,40.42,1.335783243,458.5,539.923587,2016_1
2016,134,1,1995,2,1,0.00397,5.87,77.35,0.232923,2016_1
2016,134,1,1995,2,2,0.34278,4.77,184.25,16.342656,2016_1
2016,134,1,1995,2,3,1.684,3.33,251.4,56.126254,2016_1
2016,134,1,1995,2,4,14.86,2.256933212,367.4,335.380275,2016_1
2016,134,1,1995,2,5,35.07,1.542724967,474.9,541.033646,2016_1
2016,135,1,2015,2,1,0.00342,7.13,8,0.243909,2016_1
2016,135,1,2015,2,2,0.18231,5.44,114.9,9.916579,2016_1
2016,135,1,2015,2,3,2.831,3.14,234.8,88.76512,2016_1
2016,135,1,2015,2,4,11.56,2.192678213,298.05,253.473601,2016_1
2016,135,1,2015,2,5,29.46,1.522060871,405.55,448.399133,2016_1
2016,201,2,2015,2,1,0.01563,7.57,60.95,1.182829,2016_2
2016,201,2,2015,2,2,0.18605,5.53,167.85,10.287327,2016_2
2016,201,2,2015,2,3,3.497,3.19,287.75,111.62964,2016_2
2016,201,2,2015,2,4,14.09,2.140727758,351,301.628541,2016_2
2016,201,2,2015,2,5,23.78,1.476306915,458.5,351.065784,2016_2
2016,202,2,2003,2,1,0.03511,6.79,44,2.383021,2016_2
2016,202,2,2003,2,2,0.31802,4.47,150.9,14.204213,2016_2
2016,202,2,2003,2,3,1.584,3.29,218.05,52.063334,2016_2
2016,202,2,2003,2,4,16.55,1.93111074,334.05,319.598827,2016_2
2016,202,2,2003,2,5,36.94,1.426129818,441.55,526.812355,2016_2
2016,203,2,1976,2,1,0.00274,6.59,44,0,2016_2
2016,203,2,1976,2,2,0.15696,5.9,150.9,9.254349,2016_2
2016,203,2,1976,2,3,1.848,3.08,270.8,56.959123,2016_2
2016,203,2,1976,2,4,6.89,2.184365511,334.05,150.502784,2016_2
2016,203,2,1976,2,5,19.48,1.800328255,441.55,350.703944,2016_2
2016,204,2,1967,2,1,0.00066,7.133333333,8,0,2016_2
2016,204,2,1967,2,2,0.06873,6.58,114.9,4.521312,2016_2
2016,204,2,1967,2,3,1.896,3,234.8,56.963777,2016_2
2016,204,2,1967,2,4,7.49,2.217410803,298.05,166.084069,2016_2
2016,204,2,1967,2,5,18.37,2.004457951,405.55,368.218926,2016_2
2016,205,2,1946,2,1,0.00834,7.55,44,0.629308,2016_2
2016,205,2,1946,2,2,0.2735,4.8,150.9,13.129942,2016_2
2016,205,2,1946,2,3,1.04,3.35,218.05,34.881351,2016_2
2016,205,2,1946,2,4,10.7,2.278167009,334.05,243.76387,2016_2
2016,205,2,1946,2,5,23.33,1.673743367,441.55,390.484328,2016_2
2016,206,2,1958,2,1,0.0121,6.52,8,0.789414,2016_2
2016,206,2,1958,2,2,0.33851,4.36,114.9,14.759033,2016_2
2016,206,2,1958,2,3,1.596,3.22,182.05,51.345672,2016_2
2016,206,2,1958,2,4,7.88,2.113503933,298.05,166.54411,2016_2
2016,206,2,1958,2,5,26.43,1.551621437,405.55,410.093546,2016_2
2016,207,2,1995,2,1,0.00321,6.275,77.35,0,2016_2
2016,207,2,1995,2,2,0.11912,6.2,184.25,7.382759,2016_2
2016,207,2,1995,2,3,2.146,3.36,251.4,72.001294,2016_2
2016,207,2,1995,2,4,13.94,2.127561331,367.4,296.58205,2016_2
2016,207,2,1995,2,5,35.34,1.460219622,474.9,516.041614,2016_2
2016,208,2,1976,1,1,0,6.54,8,0,2016_2
2016,208,2,1976,1,2,0.04378,6.4,114.9,2.802155,2016_2
2016,208,2,1976,1,3,1.443,3.02,234.8,43.534436,2016_2
2016,208,2,1976,1,4,3.19,2.357904434,298.05,75.217151,2016_2
2016,208,2,1976,1,5,22.59,1.679953694,405.55,379.50154,2016_2
2016,209,2,1967,1,1,0.00372,6.94,8,0.258008,2016_2
2016,209,2,1967,1,2,0.04077,6.51,114.9,2.655004,2016_2
2016,209,2,1967,1,3,1.601,2.75,234.8,44.102364,2016_2
2016,209,2,1967,1,4,4.94,2.325511694,298.05,114.880278,2016_2
2016,209,2,1967,1,5,11.53,2.084020376,405.55,240.287549,2016_2
2016,210,2,2015,1,1,0.00063,6.37,8,0,2016_2
2016,210,2,2015,1,2,0.04956,6.15,114.9,3.046167,2016_2
2016,210,2,2015,1,3,1.549,3.29,234.8,50.922362,2016_2
2016,210,2,2015,1,4,5.91,2.458124638,298.05,145.275166,2016_2
2016,210,2,2015,1,5,28.5,1.433497667,405.55,408.546835,2016_2
2016,211,2,2003,1,1,0.01942,6.46,77.35,1.254585,2016_2
2016,211,2,2003,1,2,0.24275,4.63,184.25,11.24144,2016_2
2016,211,2,2003,1,3,1.466,3.19,251.4,46.808035,2016_2
2016,211,2,2003,1,4,11.3,2.109666824,367.4,238.392351,2016_2
2016,211,2,2003,1,5,33.71,1.282745838,474.9,432.413622,2016_2
2016,212,2,1995,1,1,0.00739,7.01,60.95,0.517843,2016_2
2016,212,2,1995,1,2,0.29705,4.51,167.85,13.395749,2016_2
2016,212,2,1995,1,3,0.726,3.39,235,24.586242,2016_2
2016,212,2,1995,1,4,10.61,2.266080379,351,240.431128,2016_2
2016,212,2,1995,1,5,34.72,1.459636688,458.5,506.785858,2016_2
2016,213,2,1946,1,1,0.00508,7.24,44,0.367629,2016_2
2016,213,2,1946,1,2,0.0574,6.39,150.9,3.667038,2016_2
2016,213,2,1946,1,3,0.456,3.71,218.05,16.928584,2016_2
2016,213,2,1946,1,4,6.66,2.479762316,334.05,165.15217,2016_2
2016,213,2,1946,1,5,20.05,1.680023789,441.55,336.84477,2016_2
2016,214,2,1958,1,1,0.00789,7.19,8,0.567095,2016_2
2016,214,2,1958,1,2,0.17557,5.14,114.9,9.026836,2016_2
2016,214,2,1958,1,3,1.56,3.18,182.05,49.6043,2016_2
2016,214,2,1958,1,4,10.23,2.097837448,298.05,214.608771,2016_2
2016,214,2,1958,1,5,18.41,1.706998229,405.55,314.258374,2016_2
2016,215,2,1946,3,1,0.01321,6.98,8,0.92258,2016_2
2016,215,2,1946,3,2,0.27322,4.75,114.9,12.990728,2016_2
2016,215,2,1946,3,3,1.026,3.51,182.05,36.021279,2016_2
2016,215,2,1946,3,4,10.12,2.319121599,298.05,234.695106,2016_2
2016,215,2,1946,3,5,22.9,1.652480602,405.55,378.418058,2016_2
2016,216,2,1967,3,1,0,7.326666667,-9.2,0,2016_2
2016,216,2,1967,3,2,0.09386,6.75,97.7,6.339792,2016_2
2016,216,2,1967,3,3,1.992,3.08,217.6,61.312859,2016_2
2016,216,2,1967,3,4,8.07,2.473477364,280.85,199.609623,2016_2
2016,216,2,1967,3,5,17.13,1.969556928,388.35,337.385102,2016_2
2016,217,2,1976,3,1,0.00415,7.76,25.95,0.321982,2016_2
2016,217,2,1976,3,2,0.10814,6.59,132.85,7.130926,2016_2
2016,217,2,1976,3,3,2.408,2.98,252.75,71.777943,2016_2
2016,217,2,1976,3,4,7.59,2.292354107,316,173.989677,2016_2
2016,217,2,1976,3,5,19.32,1.796423197,423.5,347.068962,2016_2
2016,218,2,1958,3,1,0.02108,7.11,8,1.49796,2016_2
2016,218,2,1958,3,2,0.22675,5.54,114.9,12.557756,2016_2
2016,218,2,1958,3,3,1.082,3.5,182.05,37.919066,2016_2
2016,218,2,1958,3,4,10.95,2.263979197,298.05,247.905722,2016_2
2016,218,2,1958,3,5,25.6,1.640245199,405.55,419.902771,2016_2
2016,219,2,1995,3,1,0.01547,7.67,60.95,1.186228,2016_2
2016,219,2,1995,3,2,0.42866,4.74,167.85,20.327407,2016_2
2016,219,2,1995,3,3,1.412,3.67,235,51.778502,2016_2
2016,219,2,1995,3,4,14.41,2.323712349,351,334.846949,2016_2
2016,219,2,1995,3,5,42.34,1.710981488,458.5,724.429562,2016_2
2016,220,2,2015,3,1,0.00247,7.56,44,0,2016_2
2016,220,2,2015,3,2,0.1552,5.96,150.9,9.255598,2016_2
2016,220,2,2015,3,3,3.297,3.25,270.8,107.299872,2016_2
2016,220,2,2015,3,4,14.14,2.063634634,334.05,291.797937,2016_2
2016,220,2,2015,3,5,35.99,1.580111504,441.55,568.68213,2016_2
2016,221,2,2003,3,1,0.01385,6.93,77.35,0.960031,2016_2
2016,221,2,2003,3,2,0.37374,4.6,184.25,17.175881,2016_2
2016,221,2,2003,3,3,2.423,3.15,251.4,76.306034,2016_2
2016,221,2,2003,3,4,12.73,2.248715878,367.4,286.261531,2016_2
2016,221,2,2003,3,5,33.37,1.323706031,474.9,441.720702,2016_2
2016,222,2,2003,0,1,0.03713,6.28,60.95,2.330175,2016_2
2016,222,2,2003,0,2,0.34381,4.31,167.85,14.821624,2016_2
2016,222,2,2003,0,3,2.203,2.98,235,65.757851,2016_2
2016,222,2,2003,0,4,8.2,2.081956387,351,170.720424,2016_2
2016,222,2,2003,0,5,13.35,1.416802764,458.5,189.143169,2016_2
2016,223,2,2015,0,1,0.01373,6.99,25.95,0.959616,2016_2
2016,223,2,2015,0,2,0.09107,5.6,132.85,5.096865,2016_2
2016,223,2,2015,0,3,2.554,3.03,252.75,77.465822,2016_2
2016,223,2,2015,0,4,10.28,2.139181614,316,219.90787,2016_2
2016,223,2,2015,0,5,23.17,1.347924471,423.5,312.3141,2016_2
2016,224,2,1946,0,1,0.00338,6.77,-9.2,0,2016_2
2016,224,2,1946,0,2,0.10174,4.88,97.7,4.969225,2016_2
2016,224,2,1946,0,3,0.463,3.02,164.85,13.983404,2016_2
2016,224,2,1946,0,4,6.62,2.419244051,280.85,160.153956,2016_2
2016,224,2,1946,0,5,12.05,1.616518021,388.35,194.790421,2016_2
2016,225,2,1995,0,1,0.00629,7.34,25.95,0,2016_2
2016,225,2,1995,0,2,0.19611,4.94,132.85,9.69655,2016_2
2016,225,2,1995,0,3,1.568,3.23,200,50.717464,2016_2
2016,225,2,1995,0,4,11.85,2.242963314,316,265.791153,2016_2
2016,225,2,1995,0,5,36.4,1.370648146,423.5,498.915925,2016_2
2016,226,2,1958,0,1,0.00823,6.91,44,0.568932,2016_2
2016,226,2,1958,0,2,0.18378,4.53,150.9,8.33268,2016_2
2016,226,2,1958,0,3,1.105,3.08,218.05,34.018722,2016_2
2016,226,2,1958,0,4,8.51,2.046033859,334.05,174.117481,2016_2
2016,226,2,1958,0,5,20.72,1.598087549,441.55,331.12374,2016_2
2016,227,2,1967,0,1,0.00189,6.94,-9.2,0,2016_2
2016,227,2,1967,0,2,0.05419,6.5,97.7,3.523012,2016_2
2016,227,2,1967,0,3,1.407,2.86,217.6,40.23779,2016_2
2016,227,2,1967,0,4,4.83,2.183451653,280.85,105.460715,2016_2
2016,227,2,1967,0,5,16.8,1.752097368,388.35,294.352358,2016_2
2016,229,2,2015,4,1,0.00798,7.6,44,0.606157,2016_2
2016,229,2,2015,4,2,0.21444,5.7,150.9,12.222661,2016_2
2016,229,2,2015,4,3,3.228,3.28,270.8,105.932072,2016_2
2016,229,2,2015,4,4,12.04,2.165676355,334.05,260.747433,2016_2
2016,229,2,2015,4,5,28.9,1.701576471,441.55,491.7556,2016_2
2016,230,2,1995,4,1,0.01519,7.89,60.95,1.198155,2016_2
2016,230,2,1995,4,2,0.36775,4.93,167.85,18.134905,2016_2
2016,230,2,1995,4,3,1.422,3.55,235,50.479084,2016_2
2016,230,2,1995,4,4,17.91,2.370839357,351,424.617329,2016_2
2016,230,2,1995,4,5,43.58,1.707133889,458.5,743.968949,2016_2
2016,231,2,1976,4,1,0.00271,6.9,44,0,2016_2
2016,231,2,1976,4,2,0.12126,6.36,150.9,7.708829,2016_2
2016,231,2,1976,4,3,2.229,2.87,270.8,64.011905,2016_2
2016,231,2,1976,4,4,9.45,2.295357466,334.05,216.911281,2016_2
2016,231,2,1976,4,5,26.94,1.73057425,441.55,466.216703,2016_2
2016,232,2,1967,4,1,0.00351,7.8,44,0.273799,2016_2
2016,232,2,1967,4,2,0.09734,5.99,150.9,5.829594,2016_2
2016,232,2,1967,4,3,2.822,2.78,270.8,78.56908,2016_2
2016,232,2,1967,4,4,8.75,2.465505362,334.05,215.731719,2016_2
2016,232,2,1967,4,5,22.94,1.887277842,441.55,432.941537,2016_2
2016,233,2,2003,4,1,0.03705,6.93,77.35,2.565917,2016_2
2016,233,2,2003,4,2,0.47484,4.34,184.25,20.590058,2016_2
2016,233,2,2003,4,3,1.976,3.24,251.4,64.026758,2016_2
2016,233,2,2003,4,4,16.37,2.148760319,367.4,351.752064,2016_2
2016,233,2,2003,4,5,37.65,1.522841215,474.9,573.349717,2016_2
2016,234,2,1958,4,1,0.0072,7.64,44,0.550298,2016_2
2016,234,2,1958,4,2,0.35401,4.62,150.9,16.357952,2016_2
2016,234,2,1958,4,3,1.332,3.64,218.05,48.535445,2016_2
2016,234,2,1958,4,4,9.89,2.274166346,334.05,224.915052,2016_2
2016,234,2,1958,4,5,27.47,1.765278697,441.55,484.922058,2016_2
2016,235,2,1946,4,1,0.00853,7.8,44,0.665643,2016_2
2016,235,2,1946,4,2,0.16397,5.37,150.9,8.804785,2016_2
2016,235,2,1946,4,3,0.949,3.79,218.05,35.975249,2016_2
2016,235,2,1946,4,4,13.12,2.340226412,334.05,307.037705,2016_2
2016,235,2,1946,4,5,32.78,1.680765986,441.55,550.95509,2016_2
2016,301,3,2015,3,1,0.01532,7.41,44,1.135863,2016_3
2016,301,3,2015,3,2,0.29366,5.59,150.9,16.40699,2016_3
2016,301,3,2015,3,3,3.565,3.05,270.8,108.755226,2016_3
2016,301,3,2015,3,4,13.29,2.118602276,334.05,281.562242,2016_3
2016,301,3,2015,3,5,44.19,1.444464564,441.55,638.308891,2016_3
2016,302,3,1967,3,1,0.00361,7.326666667,25.95,0,2016_3
2016,302,3,1967,3,2,0.08682,6.5,132.85,5.645773,2016_3
2016,302,3,1967,3,3,3.067,2.7,252.75,82.655721,2016_3
2016,302,3,1967,3,4,9.96,2.208792925,316,219.995775,2016_3
2016,302,3,1967,3,5,27.21,1.730797172,423.5,470.94991,2016_3
2016,303,3,1946,3,1,0.01096,7.45,44,0.816359,2016_3
2016,303,3,1946,3,2,0.34337,4.52,150.9,15.515872,2016_3
2016,303,3,1946,3,3,0.969,3.39,218.05,32.814761,2016_3
2016,303,3,1946,3,4,10.09,2.309262991,334.05,233.004636,2016_3
2016,303,3,1946,3,5,20.2,1.589666367,441.55,321.112606,2016_3
2016,304,3,1976,3,1,0.01027,7.84,44,0.805542,2016_3
2016,304,3,1976,3,2,0.13792,6.09,150.9,8.404734,2016_3
2016,304,3,1976,3,3,2.449,2.89,270.8,70.758043,2016_3
2016,304,3,1976,3,4,8.06,2.192332983,334.05,176.702038,2016_3
2016,304,3,1976,3,5,31.62,1.572709441,441.55,497.290725,2016_3
2016,305,3,2003,3,1,0.06663,6.19,93.1,4.124849,2016_3
2016,305,3,2003,3,2,0.67995,4.14,200,28.131387,2016_3
2016,305,3,2003,3,3,2.479,2.97,267.15,73.663353,2016_3
2016,305,3,2003,3,4,14.47,2.112554312,383.15,305.686609,2016_3
2016,305,3,2003,3,5,45.4,1.311774373,490.65,595.545565,2016_3
2016,306,3,1995,3,1,0.03459,7.07,77.35,2.446826,2016_3
2016,306,3,1995,3,2,0.454,4.25,184.25,19.304465,2016_3
2016,306,3,1995,3,3,2.238,2.64,251.4,59.041615,2016_3
2016,306,3,1995,3,4,18.27,2.24669981,367.4,410.472055,2016_3
2016,306,3,1995,3,5,49.71,1.56019783,474.9,775.574341,2016_3
2016,307,3,1958,3,1,0.03422,6.7,60.95,2.29197,2016_3
2016,307,3,1958,3,2,0.41396,4.52,167.85,18.703211,2016_3
2016,307,3,1958,3,3,1.659,3.18,235,52.682477,2016_3
2016,307,3,1958,3,4,12.32,2.311044216,351,284.720647,2016_3
2016,307,3,1958,3,5,30.23,1.623739839,458.5,490.856553,2016_3
2016,308,3,1995,2,1,0.02831,6.68,77.35,1.892234,2016_3
2016,308,3,1995,2,2,0.35488,4.3,184.25,15.273693,2016_3
2016,308,3,1995,2,3,2.062,3.4,251.4,70.124584,2016_3
2016,308,3,1995,2,4,15.91,2.144247532,367.4,341.149782,2016_3
2016,308,3,1995,2,5,43.8,1.502531886,474.9,658.108966,2016_3
2016,309,3,2003,2,1,0.02974,6.4,77.35,1.903558,2016_3
2016,309,3,2003,2,2,0.29721,4.4,184.25,13.090685,2016_3
2016,309,3,2003,2,3,1.708,3.19,251.4,54.473196,2016_3
2016,309,3,2003,2,4,13.42,2.088396788,367.4,280.262849,2016_3
2016,309,3,2003,2,5,40.65,1.340009332,474.9,544.713793,2016_3
2016,310,3,1967,2,1,0.00182,7.133333333,8,0,2016_3
2016,310,3,1967,2,2,0.09145,5.95,114.9,5.438447,2016_3
2016,310,3,1967,2,3,2.797,2.76,234.8,77.247407,2016_3
2016,310,3,1967,2,4,7.05,2.396502972,298.05,168.95346,2016_3
2016,310,3,1967,2,5,31.15,1.598127604,405.55,497.816748,2016_3
2016,311,3,1958,2,1,0.01592,6.73,8,1.070875,2016_3
2016,311,3,1958,2,2,0.35139,4.3,114.9,15.102061,2016_3
2016,311,3,1958,2,3,2.089,3.07,182.05,64.13969,2016_3
2016,311,3,1958,2,4,11.35,2.309590816,298.05,262.138558,2016_3
2016,311,3,1958,2,5,27.96,1.630818367,405.55,455.976815,2016_3
2016,312,3,1946,2,1,0.00668,7.61,25.95,0.508121,2016_3
2016,312,3,1946,2,2,0.28567,4.26,132.85,12.163598,2016_3
2016,312,3,1946,2,3,0.749,3.38,200,25.299206,2016_3
2016,312,3,1946,2,4,7.91,2.40585947,316,190.303484,2016_3
2016,312,3,1946,2,5,36.65,1.672578812,423.5,613.000134,2016_3
2016,313,3,1976,2,1,0.00982,6.59,25.95,0.646903,2016_3
2016,313,3,1976,2,2,0.09364,5.24,132.85,4.910975,2016_3
2016,313,3,1976,2,3,2.895,2.78,252.75,80.453784,2016_3
2016,313,3,1976,2,4,7.62,2.143430233,316,163.329384,2016_3
2016,313,3,1976,2,5,26.18,1.490870714,423.5,390.309953,2016_3
2016,314,3,2015,2,1,0.00323,7.02,25.95,0.226768,2016_3
2016,314,3,2015,2,2,0.17144,5.17,132.85,8.870002,2016_3
2016,314,3,2015,2,3,3.212,3.21,252.75,103.117278,2016_3
2016,314,3,2015,2,4,5.9,2.243673801,316,132.376754,2016_3
2016,314,3,2015,2,5,31.28,1.419261336,423.5,443.944946,2016_3
2016,315,3,1976,4,1,0.01117,6.9,25.95,0.770523,2016_3
2016,315,3,1976,4,2,0.16281,5.65,132.85,9.204552,2016_3
2016,315,3,1976,4,3,2.431,2.66,252.75,64.680564,2016_3
2016,315,3,1976,4,4,10.24,2.139712095,316,219.106519,2016_3
2016,315,3,1976,4,5,30.57,1.619858861,423.5,495.190854,2016_3
2016,316,3,1995,4,1,0.04147,7.15,77.35,2.966134,2016_3
2016,316,3,1995,4,2,0.70862,4.13,184.25,29.291075,2016_3
2016,316,3,1995,4,3,2.495,3.43,251.4,85.53845,2016_3
2016,316,3,1995,4,4,16.42,2.310269117,367.4,379.346189,2016_3
2016,316,3,1995,4,5,48.01,1.526654005,474.9,732.946588,2016_3
2016,319,3,1967,4,1,0.01677,7.23,44,1.213087,2016_3
2016,319,3,1967,4,2,0.29765,4.63,150.9,13.790983,2016_3
2016,319,3,1967,4,3,2.156,3.06,270.8,65.879547,2016_3
2016,319,3,1967,4,4,11.28,2.356910944,334.05,265.859554,2016_3
2016,319,3,1967,4,5,30.06,1.641996145,441.55,493.584041,2016_3
2016,320,3,2015,4,1,0.01657,7.53,44,1.247984,2016_3
2016,320,3,2015,4,2,0.3999,4.79,150.9,19.13584,2016_3
2016,320,3,2015,4,3,3.173,3.31,270.8,105.119008,2016_3
2016,320,3,2015,4,4,10.72,2.184161663,334.05,234.14213,2016_3
2016,320,3,2015,4,5,42.78,1.425663948,441.55,609.899037,2016_3
2016,322,3,2003,0,1,0.02206,6.31,60.95,1.392078,2016_3
2016,322,3,2003,0,2,0.38271,4.26,167.85,16.316017,2016_3
2016,322,3,2003,0,3,1.284,3.13,235,40.214185,2016_3
2016,322,3,2003,0,4,9.35,2.032445669,351,190.03367,2016_3
2016,322,3,2003,0,5,22.11,1.343943357,458.5,297.145876,2016_3
2016,323,3,1967,0,1,0.00232,6.94,8,0,2016_3
2016,323,3,1967,0,2,0.05611,5.7,114.9,3.198136,2016_3
2016,323,3,1967,0,3,1.456,2.75,234.8,40.069514,2016_3
2016,323,3,1967,0,4,5.12,2.106912613,298.05,107.873926,2016_3
2016,323,3,1967,0,5,8.04,1.678248286,405.55,134.931162,2016_3
2016,324,3,1958,0,1,0.03049,6.54,-9.2,1.995564,2016_3
2016,324,3,1958,0,2,0.35461,4.16,97.7,14.76443,2016_3
2016,324,3,1958,0,3,1.498,2.94,164.85,44.003871,2016_3
2016,324,3,1958,0,4,6.16,1.998114586,280.85,123.083858,2016_3
2016,324,3,1958,0,5,18.11,1.479495168,388.35,267.936575,2016_3
2016,325,3,1946,0,1,0.00034,6.77,25.95,0,2016_3
2016,325,3,1946,0,2,0.09554,5.2,132.85,4.972535,2016_3
2016,325,3,1946,0,3,0.696,3.24,200,22.577838,2016_3
2016,325,3,1946,0,4,4.18,2.107376814,316,88.088351,2016_3
2016,325,3,1946,0,5,13.4,1.494739652,423.5,200.295113,2016_3
2016,326,3,2015,0,1,0.00894,6.32,-9.2,0.565452,2016_3
2016,326,3,2015,0,2,0.08772,5.56,97.7,4.881425,2016_3
2016,326,3,2015,0,3,2.25,3,217.6,67.429919,2016_3
2016,326,3,2015,0,4,8.27,1.92672503,280.85,159.34016,2016_3
2016,326,3,2015,0,5,24.16,1.265443325,388.35,305.731107,2016_3
2016,327,3,1995,0,1,0.00273,7.34,60.95,0,2016_3
2016,327,3,1995,0,2,0.2325,4.51,167.85,10.485321,2016_3
2016,327,3,1995,0,3,1.053,3.25,235,34.234114,2016_3
2016,327,3,1995,0,4,9.64,1.989219904,351,191.760799,2016_3
2016,327,3,1995,0,5,24.21,1.288216949,458.5,311.877323,2016_3
2016,328,3,1976,0,1,0.00773,6.39,8,0.493932,2016_3
2016,328,3,1976,0,2,0.07383,5.64,114.9,4.165237,2016_3
2016,328,3,1976,0,3,0.967,2.77,234.8,26.79378,2016_3
2016,328,3,1976,0,4,4.36,1.940902472,298.05,84.623348,2016_3
2016,328,3,1976,0,5,12.52,1.256726623,405.55,157.342173,2016_3
2016,329,3,2015,1,1,0.00302,6.37,25.95,0,2016_3
2016,329,3,2015,1,2,0.14278,5.03,132.85,7.188243,2016_3
2016,329,3,2015,1,3,1.756,3.13,252.75,54.98675,2016_3
2016,329,3,2015,1,4,9.02,1.997212768,316,180.148592,2016_3
2016,329,3,2015,1,5,25.64,1.279104471,423.5,327.962386,2016_3
2016,330,3,2003,1,1,0.02933,6.19,60.95,1.814691,2016_3
2016,330,3,2003,1,2,0.39594,3.96,167.85,15.666252,2016_3
2016,330,3,2003,1,3,1.152,3.14,235,36.156638,2016_3
2016,330,3,2003,1,4,9.8,2.096546173,351,205.461525,2016_3
2016,330,3,2003,1,5,34.96,1.418854594,458.5,496.031566,2016_3
2016,331,3,1976,1,1,0.00277,6.54,25.95,0,2016_3
2016,331,3,1976,1,2,0.08028,5.34,132.85,4.290185,2016_3
2016,331,3,1976,1,3,1.189,2.97,252.75,35.259099,2016_3
2016,331,3,1976,1,4,4.83,2.011904716,316,97.174998,2016_3
2016,331,3,1976,1,5,21.73,1.536271691,423.5,333.831839,2016_3
2016,332,3,1946,1,1,0.00415,6.3,-9.2,0.261421,2016_3
2016,332,3,1946,1,2,0.22572,4.3,97.7,9.713345,2016_3
2016,332,3,1946,1,3,0.664,2.81,164.85,18.672228,2016_3
2016,332,3,1946,1,4,9.32,2.033391476,280.85,189.512086,2016_3
2016,332,3,1946,1,5,26.07,1.542610884,388.35,402.158657,2016_3
2016,333,3,1995,1,1,0.00831,6.07,60.95,0.504564,2016_3
2016,333,3,1995,1,2,0.22086,4.4,167.85,9.713632,2016_3
2016,333,3,1995,1,3,1.546,3.13,235,48.336964,2016_3
2016,333,3,1995,1,4,13.15,2.101371527,351,276.330356,2016_3
2016,333,3,1995,1,5,42.8,1.52558291,458.5,652.949485,2016_3
2016,334,3,1958,1,1,0.00906,5.59,-9.2,0.50658,2016_3
2016,334,3,1958,1,2,0.32602,3.95,97.7,12.881387,2016_3
2016,334,3,1958,1,3,1.344,2.7,164.85,36.224827,2016_3
2016,334,3,1958,1,4,8.17,2.123659849,280.85,173.50301,2016_3
2016,334,3,1958,1,5,22.98,1.59819293,388.35,367.264735,2016_3
2016,420,1,2015,1,1,0.00393,6.37,25.95,0.250252,2016_1
2016,420,1,2015,1,2,0.13727,5.39,132.85,7.393231,2016_1
2016,420,1,2015,1,3,1.896,3.31,252.75,62.826151,2016_1
2016,420,1,2015,1,4,6.53,2.260278702,316,147.596199,2016_1
2016,420,1,2015,1,5,26,1.330321074,423.5,345.883479,2016_1
2016,430,3,2003,4,1,0.03869,6.75,77.35,2.613462,2016_3
2016,430,3,2003,4,2,0.74946,3.94,184.25,29.545487,2016_3
2016,430,3,2003,4,3,1.822,3.17,251.4,57.835862,2016_3
2016,430,3,2003,4,4,17.97,2.100284338,367.4,377.421096,2016_3
2016,430,3,2003,4,5,46.53,1.423358083,474.9,662.288516,2016_3
2016,431,3,1958,4,1,0.01453,7.25,44,1.053791,2016_3
2016,431,3,1958,4,2,0.28235,4.99,150.9,14.10255,2016_3
2016,431,3,1958,4,3,1.9,3.42,218.05,64.915042,2016_3
2016,431,3,1958,4,4,14.69,2.193050385,334.05,322.159101,2016_3
2016,431,3,1958,4,5,36.55,1.671172142,441.55,610.813418,2016_3
2017,201,2,1958,4,1,0.00143,7.929789543,-23.9,0.113396,2017_2
2017,201,2,1958,4,2,0.08315,7.003372192,86,5.823304,2017_2
2017,201,2,1958,4,3,2.314,3.337725401,148.65,77.234966,2017_2
2017,201,2,1958,4,4,12.577,2.15700841,213.6,271.286948,2017_2
2017,201,2,1958,4,5,23.594,1.844260812,309.8,435.134896,2017_2
2017,202,2,1995,4,1,0.00126,7.594321728,-7.15,0.0957,2017_2
2017,202,2,1995,4,2,0.05256,7.650643826,102.75,4.021178,2017_2
2017,202,2,1995,4,3,0.779,3.917188168,165.4,30.514896,2017_2
2017,202,2,1995,4,4,9.345,2.59944582,230.35,242.918212,2017_2
2017,202,2,1995,4,5,26.317,1.897921205,326.55,499.475923,2017_2
2017,203,2,1946,4,1,0.00034,7.812122345,-7.15,0.0266,2017_2
2017,203,2,1946,4,2,0.04044,7.222144127,102.75,2.920635,2017_2
2017,203,2,1946,4,3,1.299,3.294569254,165.4,42.796455,2017_2
2017,203,2,1946,4,4,8.772,2.627622128,230.35,230.495013,2017_2
2017,203,2,1946,4,5,19.823,1.867195725,326.55,370.134209,2017_2
2017,204,2,1967,4,1,0.00017,6.831645489,-37.5,0,2017_2
2017,204,2,1967,4,2,0.01242,8.658967972,72.4,1.075444,2017_2
2017,204,2,1967,4,3,0.882,3.327542067,135.05,29.348921,2017_2
2017,204,2,1967,4,4,5.362,2.539811134,200,136.184673,2017_2
2017,204,2,1967,4,5,18.831,2.065109015,296.2,388.880679,2017_2
2017,205,2,1976,4,1,0.0056,7.194529533,-23.9,0.402894,2017_2
2017,205,2,1976,4,2,0.04724,8.438916206,86,3.986544,2017_2
2017,205,2,1976,4,3,0.866,3.492705345,148.65,30.246828,2017_2
2017,205,2,1976,4,4,7.178,2.050062895,213.6,147.153515,2017_2
2017,205,2,1976,4,5,20.694,1.875603676,309.8,388.137425,2017_2
2017,206,2,2015,4,1,0.00494,7.462021828,-7.15,0.368624,2017_2
2017,206,2,2015,4,2,0.0952,7.06768322,102.75,6.728434,2017_2
2017,206,2,2015,4,3,0.974,3.850917816,165.4,37.50794,2017_2
2017,206,2,2015,4,4,16.196,2.092750788,230.35,338.941918,2017_2
2017,206,2,2015,4,5,31.477,1.735630274,326.55,546.324341,2017_2
2017,207,2,2003,4,1,0.0336,7.92744875,27.45,2.663623,2017_2
2017,207,2,2003,4,2,0.23052,5.607486248,137.35,12.926377,2017_2
2017,207,2,2003,4,3,2,3.136726379,200,62.734528,2017_2
2017,207,2,2003,4,4,16.074,1.93679595,264.95,311.320581,2017_2
2017,207,2,2003,4,5,40.868,1.43445003,361.15,586.231038,2017_2
2017,208,2,2015,2,1,0.00235,6.621023178,-7.15,0.155594,2017_2
2017,208,2,2015,2,2,0.05222,7.15379715,102.75,3.735713,2017_2
2017,208,2,2015,2,3,1.629,3.63824439,165.4,59.267001,2017_2
2017,208,2,2015,2,4,14.173,2.106375456,230.35,298.536593,2017_2
2017,208,2,2015,2,5,30.555,1.653387904,326.55,505.192674,2017_2
2017,209,2,1976,2,1,0.00035,6.454499245,-37.5,0.0226,2017_2
2017,209,2,1976,2,2,0.02196,8.454558372,72.4,1.856621,2017_2
2017,209,2,1976,2,3,0.798,3.611804247,135.05,28.822198,2017_2
2017,209,2,1976,2,4,4.689,2.363638878,200,110.831027,2017_2
2017,209,2,1976,2,5,19.01,1.903312922,296.2,361.819786,2017_2
2017,210,2,1958,2,1,0.00133,6.319736004,-37.5,0.0841,2017_2
2017,210,2,1958,2,2,0.12421,5.915742397,72.4,7.347944,2017_2
2017,210,2,1958,2,3,1.424,3.381983519,135.05,48.159445,2017_2
2017,210,2,1958,2,4,12.401,2.157432556,200,267.543211,2017_2
2017,210,2,1958,2,5,27.745,1.8664428,296.2,517.844555,2017_2
2017,211,2,1995,2,1,0.00222,6.682508469,-7.15,0.148352,2017_2
2017,211,2,1995,2,2,0.0666,6.816574097,102.75,4.539838,2017_2
2017,211,2,1995,2,3,1.706,3.605496168,165.4,61.509765,2017_2
2017,211,2,1995,2,4,13.181,2.445971489,230.35,322.403502,2017_2
2017,211,2,1995,2,5,29.689,1.644539118,326.55,488.247219,2017_2
2017,213,2,1946,2,1,0.00109,6.664617538,-7.15,0.0726,2017_2
2017,213,2,1946,2,2,0.02234,7.244269848,102.75,1.61837,2017_2
2017,213,2,1946,2,3,1.667,3.270547628,165.4,54.520029,2017_2
2017,213,2,1946,2,4,11.989,2.353677034,230.35,282.18234,2017_2
2017,213,2,1946,2,5,15.304,1.921869397,326.55,294.122893,2017_2
2017,214,2,2003,2,1,0.00714,7.089109898,27.45,0.506162,2017_2
2017,214,2,2003,2,2,0.12645,5.711010456,137.35,7.221573,2017_2
2017,214,2,2003,2,3,4.067,2.703842878,200,109.96529,2017_2
2017,214,2,2003,2,4,13.949,1.385817051,264.95,193.30762,2017_2
2017,214,2,2003,2,5,34.435,2.216272354,361.15,763.173385,2017_2
2017,215,2,1967,0,1,0.00011,6.036188126,-37.5,0,2017_2
2017,215,2,1967,0,2,0.01812,7.746428013,72.4,1.403653,2017_2
2017,215,2,1967,0,3,0.462,3.202775955,135.05,14.796825,2017_2
2017,215,2,1967,0,4,3.551,2.15265727,200,76.44086,2017_2
2017,215,2,1967,0,5,11.528,1.792945385,296.2,206.690744,2017_2
2017,216,2,1976,0,1,0.00072,6.391364574,-64.9,0,2017_2
2017,216,2,1976,0,2,0.02096,7.778082371,45,1.630286,2017_2
2017,216,2,1976,0,3,0.453,2.950036526,107.65,13.363665,2017_2
2017,216,2,1976,0,4,1.883,2.459757805,172.6,46.317239,2017_2
2017,216,2,1976,0,5,7.399,1.770718694,268.8,131.015476,2017_2
2017,217,2,1946,0,1,0.00379,7.249447823,-64.9,0.274754,2017_2
2017,217,2,1946,0,2,0.05592,6.96491766,45,3.894782,2017_2
2017,217,2,1946,0,3,0.259,3.282384872,107.65,8.501377,2017_2
2017,217,2,1946,0,4,4.664,2.024383545,172.6,94.417249,2017_2
2017,217,2,1946,0,5,11.547,1.606165648,268.8,185.463947,2017_2
2017,218,2,1958,0,1,0.00262,6.781467915,-7.15,0.177674,2017_2
2017,218,2,1958,0,2,0.09856,5.588336468,102.75,5.507864,2017_2
2017,218,2,1958,0,3,1.543,2.869117737,165.4,44.270487,2017_2
2017,218,2,1958,0,4,11.2,1.976311564,230.35,221.346895,2017_2
2017,218,2,1958,0,5,19.261,1.580616951,326.55,304.442631,2017_2
2017,219,2,2003,0,1,0.01119,6.771607876,-7.15,0.757743,2017_2
2017,219,2,2003,0,2,0.12845,5.59392643,102.75,7.185398,2017_2
2017,219,2,2003,0,3,3.198,2.819806099,165.4,90.177399,2017_2
2017,219,2,2003,0,4,8.439,2.051857948,230.35,173.156292,2017_2
2017,219,2,2003,0,5,26.795,1.406865239,326.55,376.969541,2017_2
2017,220,2,2015,0,1,0.00021,6.573167324,-23.9,0.0138,2017_2
2017,220,2,2015,0,2,0.04921,6.782277107,86,3.337559,2017_2
2017,220,2,2015,0,3,0.953,3.426219702,148.65,32.651874,2017_2
2017,220,2,2015,0,4,7.626,2.207131624,213.6,168.315858,2017_2
2017,220,2,2015,0,5,22.437,1.32486701,309.8,297.260411,2017_2
2017,221,2,1995,0,1,0.0051,7.207400322,-23.9,0.367577,2017_2
2017,221,2,1995,0,2,0.08589,6.447638988,86,5.537877,2017_2
2017,221,2,1995,0,3,1.862,3.186330795,148.65,59.329479,2017_2
2017,221,2,1995,0,4,12.717,2.019464016,213.6,256.815239,2017_2
2017,221,2,1995,0,5,26.468,1.603159428,309.8,424.324237,2017_2
2017,222,2,1967,1,1,0.00061,6.036188126,-133.7,0.0368,2017_2
2017,222,2,1967,1,2,0.01566,8.095315933,-23.8,1.267726,2017_2
2017,222,2,1967,1,3,0.576,4.393970966,38.85,25.309273,2017_2
2017,222,2,1967,1,4,4.639,2.551876307,103.8,118.381542,2017_2
2017,222,2,1967,1,5,15.903,2.261806488,200,359.695086,2017_2
2017,223,2,1976,1,1,0.00148,6.391364574,-64.9,0.0946,2017_2
2017,223,2,1976,1,2,0.02149,8.91914463,45,1.916724,2017_2
2017,223,2,1976,1,3,0.3,4.418617725,107.65,13.255853,2017_2
2017,223,2,1976,1,4,5.23,2.562424898,172.6,134.014822,2017_2
2017,223,2,1976,1,5,13.352,2.04411912,268.8,272.930785,2017_2
2017,224,2,1995,1,1,0,7.239047527,27.45,0,2017_2
2017,224,2,1995,1,2,0.04898,7.223790169,137.35,3.538212,2017_2
2017,224,2,1995,1,3,0.966,3.864492178,200,37.330994,2017_2
2017,224,2,1995,1,4,8.606,2.650754452,264.95,228.123928,2017_2
2017,224,2,1995,1,5,39.012,1.863737941,361.15,727.081445,2017_2
2017,225,2,2003,1,1,0.00693,6.327219009,27.45,0.438476,2017_2
2017,225,2,2003,1,2,0.08129,5.630299091,137.35,4.57687,2017_2
2017,225,2,2003,1,3,1.436,3.34365654,200,48.014908,2017_2
2017,225,2,2003,1,4,6.798,2.673425436,264.95,181.739461,2017_2
2017,225,2,2003,1,5,23.18,1.869300246,361.15,433.303797,2017_2
2017,226,2,2015,1,1,0.00506,6.402252674,-23.9,0.323954,2017_2
2017,226,2,2015,1,2,0.04444,6.870713711,86,3.053345,2017_2
2017,226,2,2015,1,3,1.226,3.220597506,148.65,39.484525,2017_2
2017,226,2,2015,1,4,8.302,2.503077507,213.6,207.805495,2017_2
2017,226,2,2015,1,5,28.871,1.751610279,309.8,505.707404,2017_2
2017,227,2,1946,1,1,0.00251,5.653226852,-7.15,0.141896,2017_2
2017,227,2,1946,1,2,0.03822,6.494817734,102.75,2.482319,2017_2
2017,227,2,1946,1,3,0.818,3.635192871,165.4,29.735878,2017_2
2017,227,2,1946,1,4,8.796,2.265630245,230.35,199.284836,2017_2
2017,227,2,1946,1,5,18.634,2.016887426,326.55,375.826803,2017_2
2017,228,2,1958,1,1,0.00569,6.333770275,-23.9,0.360392,2017_2
2017,228,2,1958,1,2,0.0444,6.917140961,86,3.071211,2017_2
2017,228,2,1958,1,3,1.651,3.373272657,148.65,55.692732,2017_2
2017,228,2,1958,1,4,12.174,2.301831961,213.6,280.225023,2017_2
2017,228,2,1958,1,5,19.85,2.102467775,309.8,417.339853,2017_2
2017,229,2,1946,3,1,0.00343,8.065074921,-7.15,0.276632,2017_2
2017,229,2,1946,3,2,0.10748,6.458373547,102.75,6.94146,2017_2
2017,229,2,1946,3,3,1.062,3.493456602,165.4,37.100509,2017_2
2017,229,2,1946,3,4,10.54,2.467962503,230.35,260.123248,2017_2
2017,229,2,1946,3,5,19.606,2.304472923,326.55,451.814961,2017_2
2017,230,2,1967,3,1,0,6.831645489,-37.5,0,2017_2
2017,230,2,1967,3,2,0.02358,8.218479156,72.4,1.937917,2017_2
2017,230,2,1967,3,3,0.886,3.756539345,135.05,33.282939,2017_2
2017,230,2,1967,3,4,6.748,2.361158133,200,159.330951,2017_2
2017,230,2,1967,3,5,15.716,2.094632626,296.2,329.192463,2017_2
2017,231,2,1976,3,1,0.00053,7.166165829,-23.9,0.038,2017_2
2017,231,2,1976,3,2,0.02978,8.292416573,86,2.469482,2017_2
2017,231,2,1976,3,3,1.212,3.447138786,148.65,41.779322,2017_2
2017,231,2,1976,3,4,7.093,2.173567772,213.6,154.171162,2017_2
2017,231,2,1976,3,5,20.005,1.738053441,309.8,347.697591,2017_2
2017,232,2,2003,3,1,0.01892,7.746936798,27.45,1.46572,2017_2
2017,232,2,2003,3,2,0.44084,4.738084316,137.35,20.887371,2017_2
2017,232,2,2003,3,3,3.88,2.737531424,200,106.216219,2017_2
2017,232,2,2003,3,4,15.286,2.198901415,264.95,336.12407,2017_2
2017,232,2,2003,3,5,40.822,1.47642827,361.15,602.707549,2017_2
2017,233,2,1958,3,1,0.00637,7.819323063,-7.15,0.498091,2017_2
2017,233,2,1958,3,2,0.22749,5.406477451,102.75,12.299196,2017_2
2017,233,2,1958,3,3,0.546,3.66059804,165.4,19.986865,2017_2
2017,233,2,1958,3,4,13.673,2.228447199,230.35,304.695586,2017_2
2017,233,2,1958,3,5,28.139,1.697841167,326.55,477.755526,2017_2
2017,234,2,2015,3,1,0.00637,8.134371758,27.45,0.518159,2017_2
2017,234,2,2015,3,2,0.12658,6.366662025,137.35,8.058921,2017_2
2017,234,2,2015,3,3,1.494,3.649192572,200,54.518937,2017_2
2017,234,2,2015,3,4,10.278,2.280377388,264.95,234.377188,2017_2
2017,234,2,2015,3,5,27.67,1.636536717,361.15,452.82971,2017_2
2017,235,2,1995,3,1,0.00573,8.232488632,27.45,0.471722,2017_2
2017,235,2,1995,3,2,0.10086,6.734437466,137.35,6.792354,2017_2
2017,235,2,1995,3,3,2.407,3.474084139,200,83.621205,2017_2
2017,235,2,1995,3,4,17.161,2.354404211,264.95,404.039307,2017_2
2017,235,2,1995,3,5,37.934,1.815778017,361.15,688.797233,2017_2
2017,301,3,1976,4,1,0.00054,7.194529533,-37.5,0.0389,2017_3
2017,301,3,1976,4,2,0.0301,8.657509804,72.4,2.60591,2017_3
2017,301,3,1976,4,3,0.295,3.795221567,135.05,11.195904,2017_3
2017,301,3,1976,4,4,5.079,2.391025305,200,121.440175,2017_3
2017,301,3,1976,4,5,20.501,2.070776939,296.2,424.52998,2017_3
2017,302,3,1958,4,1,0.00184,7.929789543,-7.15,0.145908,2017_3
2017,302,3,1958,4,2,0.05363,7.173624039,102.75,3.847215,2017_3
2017,302,3,1958,4,3,3.098,2.743595839,165.4,84.996599,2017_3
2017,302,3,1958,4,4,9.823,2.209012032,230.35,216.991252,2017_3
2017,302,3,1958,4,5,22.518,1.722146153,326.55,387.792871,2017_3
2017,303,3,1946,4,1,0.00936,7.812122345,-7.15,0.731215,2017_3
2017,303,3,1946,4,2,0.04499,7.632978916,102.75,3.434077,2017_3
2017,303,3,1946,4,3,1.384,3.199477434,165.4,44.280768,2017_3
2017,303,3,1946,4,4,13.125,2.320587635,230.35,304.577127,2017_3
2017,303,3,1946,4,5,24.443,1.642994761,326.55,401.59721,2017_3
2017,304,3,2003,4,1,0.01317,7.92744875,-7.15,1.044045,2017_3
2017,304,3,2003,4,2,0.1803,5.230636597,102.75,9.430838,2017_3
2017,304,3,2003,4,3,3.336,2.747276783,165.4,91.649153,2017_3
2017,304,3,2003,4,4,16.636,2.189012051,230.35,364.164045,2017_3
2017,304,3,2003,4,5,44.512,1.422872066,326.55,633.348814,2017_3
2017,305,3,1967,4,1,0.00012,6.831645489,-23.9,0,2017_3
2017,305,3,1967,4,2,0.05444,7.672663212,86,4.176998,2017_3
2017,305,3,1967,4,3,0.775,3.576493263,148.65,27.717823,2017_3
2017,305,3,1967,4,4,6.238,2.435193539,213.6,151.907373,2017_3
2017,305,3,1967,4,5,21.309,1.897391915,309.8,404.315243,2017_3
2017,306,3,2015,4,1,0.00109,7.462021828,-23.9,0.0813,2017_3
2017,306,3,2015,4,2,0.05481,7.549662113,86,4.13797,2017_3
2017,306,3,2015,4,3,1.178,3.568066359,148.65,42.031822,2017_3
2017,306,3,2015,4,4,7.132,2.614601135,213.6,186.473353,2017_3
2017,306,3,2015,4,5,33.02,1.619649649,309.8,534.808314,2017_3
2017,307,3,1995,4,1,0.00603,7.594321728,-23.9,0.457938,2017_3
2017,307,3,1995,4,2,0.05297,7.679189682,86,4.067667,2017_3
2017,307,3,1995,4,3,1.673,3.435500145,148.65,57.475917,2017_3
2017,307,3,1995,4,4,11.976,2.40398407,213.6,287.901132,2017_3
2017,307,3,1995,4,5,35.26,1.805851936,309.8,636.743393,2017_3
2017,308,3,1995,1,1,0.00414,7.239047527,-7.15,0.299697,2017_3
2017,308,3,1995,1,2,0.05389,6.707010746,102.75,3.614408,2017_3
2017,308,3,1995,1,3,1.702,3.383677006,165.4,57.590183,2017_3
2017,308,3,1995,1,4,9.573,2.553388357,230.35,244.435867,2017_3
2017,308,3,1995,1,5,26.862,1.967083812,326.55,528.398054,2017_3
2017,309,3,1967,1,1,0.00012,6.036188126,-64.9,0.00724,2017_3
2017,309,3,1967,1,2,0.01352,7.568429947,45,1.023252,2017_3
2017,309,3,1967,1,3,0.298,3.834316015,107.65,11.426262,2017_3
2017,309,3,1967,1,4,2.7,2.698337317,172.6,72.855108,2017_3
2017,309,3,1967,1,5,13.734,2.070453882,268.8,284.356136,2017_3
2017,310,3,2003,1,1,0.01366,6.327219009,27.45,0.864298,2017_3
2017,310,3,2003,1,2,0.0811,5.223247528,137.35,4.236054,2017_3
2017,310,3,2003,1,3,2.927,2.83197546,200,82.891922,2017_3
2017,310,3,2003,1,4,9.527,2.169090748,264.95,206.649276,2017_3
2017,310,3,2003,1,5,33.162,1.613690734,361.15,535.132121,2017_3
2017,311,3,1958,1,1,0.00925,6.333770275,-7.15,0.585874,2017_3
2017,311,3,1958,1,2,0.05976,5.795094967,102.75,3.463149,2017_3
2017,311,3,1958,1,3,3.379,2.673576117,165.4,90.340137,2017_3
2017,311,3,1958,1,4,13.662,2.096861839,230.35,286.473264,2017_3
2017,311,3,1958,1,5,24.742,1.941955686,326.55,480.478676,2017_3
2017,312,3,1976,1,1,0,6.391364574,-133.7,0,2017_3
2017,312,3,1976,1,2,0.01979,7.116343498,-23.8,1.408324,2017_3
2017,312,3,1976,1,3,0.225,4.720942497,38.85,10.622121,2017_3
2017,312,3,1976,1,4,4.286,2.489407778,103.8,106.696017,2017_3
2017,312,3,1976,1,5,16.145,1.862417579,200,300.687318,2017_3
2017,313,3,1946,1,1,0.00029,5.653226852,-64.9,0.0164,2017_3
2017,313,3,1946,1,2,0.0056,6.538060188,45,0.366131,2017_3
2017,313,3,1946,1,3,0.678,3.063467503,107.65,20.77031,2017_3
2017,313,3,1946,1,4,13.653,2.230581045,172.6,304.54123,2017_3
2017,313,3,1946,1,5,17.327,1.762046933,268.8,305.309872,2017_3
2017,314,3,2015,1,1,0.00034,6.402252674,-37.5,0.0218,2017_3
2017,314,3,2015,1,2,0.02,7.381702423,72.4,1.47634,2017_3
2017,314,3,2015,1,3,1.475,3.381211281,135.05,49.872866,2017_3
2017,314,3,2015,1,4,5.488,2.339590788,200,128.396742,2017_3
2017,314,3,2015,1,5,23.531,1.721110225,296.2,404.994447,2017_3
2017,315,3,1946,2,1,0.00129,6.664617538,27.45,0.086,2017_3
2017,315,3,1946,2,2,0.04452,5.884115219,137.35,2.619608,2017_3
2017,315,3,1946,2,3,1.399,2.877943277,200,40.262426,2017_3
2017,315,3,1946,2,4,13.54,2.11149025,264.95,285.89578,2017_3
2017,315,3,1946,2,5,30.82,1.746150374,361.15,538.163545,2017_3
2017,316,3,2003,2,1,0.00834,7.089109898,-7.15,0.591232,2017_3
2017,316,3,2003,2,2,0.18243,5.057024479,102.75,9.22553,2017_3
2017,316,3,2003,2,3,2.701,2.916985035,165.4,78.787766,2017_3
2017,316,3,2003,2,4,10.561,2.151257038,230.35,227.194256,2017_3
2017,316,3,2003,2,5,30.71,1.582386374,326.55,485.950856,2017_3
2017,317,3,1995,2,1,0.00094,6.682508469,27.45,0.0628,2017_3
2017,317,3,1995,2,2,0.02631,7.057200432,137.35,1.856749,2017_3
2017,317,3,1995,2,3,1.156,3.457645893,200,39.970387,2017_3
2017,317,3,1995,2,4,10.418,2.510665178,264.95,261.561098,2017_3
2017,317,3,1995,2,5,30.813,1.7557019,361.15,540.984426,2017_3
2017,318,3,1958,2,1,0.00363,6.319736004,-7.15,0.229406,2017_3
2017,318,3,1958,2,2,0.07679,5.981425285,102.75,4.593136,2017_3
2017,318,3,1958,2,3,2.82,2.778482437,165.4,78.353205,2017_3
2017,318,3,1958,2,4,13.362,2.047915936,230.35,273.642527,2017_3
2017,318,3,1958,2,5,25.454,1.893897176,326.55,482.072587,2017_3
2017,319,3,1976,2,1,0.00116,6.454499245,-37.5,0.0749,2017_3
2017,319,3,1976,2,2,0.0237,7.316954136,72.4,1.734118,2017_3
2017,319,3,1976,2,3,0.947,3.184267998,135.05,30.155018,2017_3
2017,319,3,1976,2,4,4.29,2.530322313,200,108.550827,2017_3
2017,319,3,1976,2,5,17.504,2.042165518,296.2,357.460652,2017_3
2017,320,3,2015,2,1,0.00047,6.621023178,-7.15,0.0311,2017_3
2017,320,3,2015,2,2,0.02718,7.590965271,102.75,2.063224,2017_3
2017,320,3,2015,2,3,2.848,3.125691175,165.4,89.019685,2017_3
2017,320,3,2015,2,4,8.597,2.43716526,230.35,209.523097,2017_3
2017,320,3,2015,2,5,26.328,1.606968164,326.55,423.082578,2017_3
2017,321,3,1967,2,1,0,7.265663624,-37.5,0,2017_3
2017,321,3,1967,2,2,0.01268,8.13683033,72.4,1.03175,2017_3
2017,321,3,1967,2,3,0.583,3.51771307,135.05,20.508267,2017_3
2017,321,3,1967,2,4,4.044,2.55667448,200,103.391916,2017_3
2017,321,3,1967,2,5,16.657,2.068780422,296.2,344.596755,2017_3
2017,322,3,1946,3,1,0.00024,8.065074921,-23.9,0.0194,2017_3
2017,322,3,1946,3,2,0.07682,7.061008453,86,5.424267,2017_3
2017,322,3,1946,3,3,1.619,3.003257036,148.65,48.622731,2017_3
2017,322,3,1946,3,4,9.116,2.309063435,213.6,210.494223,2017_3
2017,322,3,1946,3,5,13.745,2.007424355,309.8,275.920478,2017_3
2017,323,3,2015,3,1,0.00131,8.134371758,-7.15,0.10656,2017_3
2017,323,3,2015,3,2,0.04946,7.880643845,102.75,3.897766,2017_3
2017,323,3,2015,3,3,1.511,3.492357492,165.4,52.769522,2017_3
2017,323,3,2015,3,4,12.5,2.405485868,230.35,300.685734,2017_3
2017,323,3,2015,3,5,29.353,1.85254848,326.55,543.778555,2017_3
2017,324,3,1958,3,1,0.00398,7.819323063,-23.9,0.311209,2017_3
2017,324,3,1958,3,2,0.13308,6.2014575,86,8.2529,2017_3
2017,324,3,1958,3,3,2.446,2.924067974,148.65,71.522703,2017_3
2017,324,3,1958,3,4,12.915,2.206917286,213.6,285.023367,2017_3
2017,324,3,1958,3,5,29.576,1.793535709,309.8,530.456121,2017_3
2017,325,3,1976,3,1,0.0024,7.166165829,-23.9,0.171988,2017_3
2017,325,3,1976,3,2,0.04167,8.605246544,86,3.585806,2017_3
2017,325,3,1976,3,3,1.163,3.320374727,148.65,38.615958,2017_3
2017,325,3,1976,3,4,8.495,2.152946472,213.6,182.892803,2017_3
2017,325,3,1976,3,5,20.441,1.781360388,309.8,364.127877,2017_3
2017,326,3,2003,3,1,0.01201,7.746936798,60.35,0.930407,2017_3
2017,326,3,2003,3,2,0.24515,5.302589417,170.25,12.999298,2017_3
2017,326,3,2003,3,3,3.707,2.791015625,232.9,103.462949,2017_3
2017,326,3,2003,3,4,18.376,1.944925547,297.85,357.399518,2017_3
2017,326,3,2003,3,5,41.39,1.299235702,394.05,537.753657,2017_3
2017,327,3,1995,3,1,0.00919,8.232488632,27.45,0.756566,2017_3
2017,327,3,1995,3,2,0.15176,6.250321865,137.35,9.485488,2017_3
2017,327,3,1995,3,3,2.893,3.216744423,200,93.060416,2017_3
2017,327,3,1995,3,4,18.868,2.206209898,264.95,416.267684,2017_3
2017,327,3,1995,3,5,36.065,1.765860915,361.15,636.857739,2017_3
2017,328,3,1967,3,1,0.00158,6.831645489,-7.15,0.10794,2017_3
2017,328,3,1967,3,2,0.04129,7.750347137,102.75,3.200118,2017_3
2017,328,3,1967,3,3,1.006,3.452666283,165.4,34.733823,2017_3
2017,328,3,1967,3,4,6.354,2.437088251,230.35,154.852587,2017_3
2017,328,3,1967,3,5,22.057,1.802792311,326.55,397.6419,2017_3
2017,329,3,1967,0,1,0.0014,6.036188126,-7.15,0,2017_3
2017,329,3,1967,0,2,0.0204,4.841707706,102.75,0.987708,2017_3
2017,329,3,1967,0,3,0.749,3.235618114,165.4,24.23478,2017_3
2017,329,3,1967,0,4,2.6,2.26424408,230.35,58.870346,2017_3
2017,329,3,1967,0,5,11.751,1.612154961,326.55,189.444329,2017_3
2017,330,3,1958,0,1,0.00999,6.781467915,-7.15,0.677469,2017_3
2017,330,3,1958,0,2,0.17527,4.946294308,102.75,8.66937,2017_3
2017,330,3,1958,0,3,3.1,2.486547709,165.4,77.082979,2017_3
2017,330,3,1958,0,4,14.415,1.979882002,230.35,285.399991,2017_3
2017,330,3,1958,0,5,16.392,1.511348844,326.55,247.740302,2017_3
2017,331,3,2015,0,1,0.00305,6.573167324,-23.9,0.200482,2017_3
2017,331,3,2015,0,2,0.09509,6.270089149,86,5.962228,2017_3
2017,331,3,2015,0,3,0.939,3.259178162,148.65,30.603683,2017_3
2017,331,3,2015,0,4,7.22,2.379662037,213.6,171.811599,2017_3
2017,331,3,2015,0,5,20.418,1.308814406,309.8,267.233725,2017_3
2017,332,3,2003,0,1,0.00257,6.771607876,60.35,0.17403,2017_3
2017,332,3,2003,0,2,0.21109,4.603993893,170.25,9.718571,2017_3
2017,332,3,2003,0,3,3.348,2.635545731,232.9,88.238071,2017_3
2017,332,3,2003,0,4,11.336,2.002872705,297.85,227.04565,2017_3
2017,332,3,2003,0,5,19.5,1.477998734,394.05,288.209753,2017_3
2017,333,3,1995,0,1,0.00096,7.207400322,-7.15,0.0692,2017_3
2017,333,3,1995,0,2,0.04633,6.760621548,102.75,3.132196,2017_3
2017,333,3,1995,0,3,0.867,3.148443222,165.4,27.297003,2017_3
2017,333,3,1995,0,4,11.317,2.030184746,230.35,229.756008,2017_3
2017,333,3,1995,0,5,17.455,1.413538575,326.55,246.733158,2017_3
2017,334,3,1976,0,1,0,6.391364574,-64.9,0,2017_3
2017,334,3,1976,0,2,0.0391,6.54299593,45,2.558311,2017_3
2017,334,3,1976,0,3,0.323,3.122465849,107.65,10.085565,2017_3
2017,334,3,1976,0,4,4.307,1.987987638,172.6,85.622628,2017_3
2017,334,3,1976,0,5,7.76,1.66524446,268.8,129.22297,2017_3
2017,335,3,1946,0,1,0.00348,7.249447823,-37.5,0.252281,2017_3
2017,335,3,1946,0,2,0.08523,6.055916309,72.4,5.161457,2017_3
2017,335,3,1946,0,3,0.816,2.777919292,135.05,22.667821,2017_3
2017,335,3,1946,0,4,5.728,2.079562664,200,119.117349,2017_3
2017,335,3,1946,0,5,8.178,1.630147099,296.2,133.31343,2017_3
2017,402,4,1946,2,1,0.00078,6.664617538,-64.9,0.052,2017_4
2017,402,4,1946,2,2,0.01219,6.628234863,45,0.807982,2017_4
2017,402,4,1946,2,3,1.171,2.837726831,107.65,33.229781,2017_4
2017,402,4,1946,2,4,7.139,2.301207066,172.6,164.283172,2017_4
2017,402,4,1946,2,5,19.109,1.902508855,268.8,363.550417,2017_4
2017,403,4,1958,2,1,0.00058,6.319736004,-37.5,0.0367,2017_4
2017,403,4,1958,2,2,0.05853,6.073318481,72.4,3.554713,2017_4
2017,403,4,1958,2,3,3.666,2.651040316,135.05,97.187138,2017_4
2017,403,4,1958,2,4,9.389,2.195845127,200,206.167899,2017_4
2017,403,4,1958,2,5,23.922,1.724965811,296.2,412.646321,2017_4
2017,404,4,2015,2,1,0.00325,6.621023178,-23.9,0.215183,2017_4
2017,404,4,2015,2,2,0.0291,7.10572052,86,2.067765,2017_4
2017,404,4,2015,2,3,1.303,3.923779726,148.65,51.12685,2017_4
2017,404,4,2015,2,4,9.718,2.542909384,213.6,247.119934,2017_4
2017,404,4,2015,2,5,33.261,1.729842186,309.8,575.362809,2017_4
2017,405,4,1995,2,1,0.0039,6.682508469,-23.9,0.260618,2017_4
2017,405,4,1995,2,2,0.01776,6.81089735,86,1.209615,2017_4
2017,405,4,1995,2,3,1.072,3.41305542,148.65,36.587954,2017_4
2017,405,4,1995,2,4,7.642,2.479682207,213.6,189.497314,2017_4
2017,405,4,1995,2,5,35.574,1.784868479,309.8,634.949113,2017_4
2017,406,4,2003,2,1,0.00908,7.089109898,-37.5,0.643691,2017_4
2017,406,4,2003,2,2,0.07773,5.156266689,72.4,4.007966,2017_4
2017,406,4,2003,2,3,1.469,3.105533123,135.05,45.620282,2017_4
2017,406,4,2003,2,4,7.43,2.389014959,200,177.503811,2017_4
2017,406,4,2003,2,5,22.753,1.693095803,296.2,385.230088,2017_4
2017,407,4,1976,2,1,0.00043,6.454499245,-64.9,0.0278,2017_4
2017,407,4,1976,2,2,0.01129,7.654253483,45,0.864165,2017_4
2017,407,4,1976,2,3,0.176,5.100614548,107.65,8.977082,2017_4
2017,407,4,1976,2,4,4.799,2.43733263,172.6,116.967593,2017_4
2017,407,4,1976,2,5,16.584,1.745278597,268.8,289.437003,2017_4
2017,408,4,2003,4,1,0.0187,7.92744875,27.45,1.482433,2017_4
2017,408,4,2003,4,2,0.2149,5.774300575,137.35,12.408972,2017_4
2017,408,4,2003,4,3,3.302,2.830838442,200,93.474285,2017_4
2017,408,4,2003,4,4,16.922,1.883124232,264.95,318.662283,2017_4
2017,408,4,2003,4,5,44.139,1.36911273,361.15,604.312668,2017_4
2017,409,4,2015,4,1,0.00325,7.462021828,-37.5,0.242516,2017_4
2017,409,4,2015,4,2,0.12461,6.536725521,72.4,8.145414,2017_4
2017,409,4,2015,4,3,1.054,3.281384945,135.05,34.585797,2017_4
2017,409,4,2015,4,4,13.729,2.16382885,200,297.072063,2017_4
2017,409,4,2015,4,5,43.29,1.673135996,296.2,724.300573,2017_4
2017,410,4,1967,4,1,0.00155,6.831645489,-23.9,0,2017_4
2017,410,4,1967,4,2,0.03645,8.252158165,86,3.007912,2017_4
2017,410,4,1967,4,3,1.116,3.333960056,148.65,37.206994,2017_4
2017,410,4,1967,4,4,10.637,2.202857494,213.6,234.317952,2017_4
2017,410,4,1967,4,5,24.62,1.733617663,309.8,426.816669,2017_4
2017,411,4,1976,4,1,0.00141,7.194529533,-37.5,0.101443,2017_4
2017,411,4,1976,4,2,0.03598,8.288718224,72.4,2.982281,2017_4
2017,411,4,1976,4,3,1.263,3.32167697,135.05,41.95278,2017_4
2017,411,4,1976,4,4,5.678,2.308499336,200,131.076592,2017_4
2017,411,4,1976,4,5,14.9,1.888500571,296.2,281.386585,2017_4
2017,412,4,1995,4,1,0.0032,7.594321728,-23.9,0.243018,2017_4
2017,412,4,1995,4,2,0.08969,7.062144756,86,6.334038,2017_4
2017,412,4,1995,4,3,2.901,3.374331951,148.65,97.88937,2017_4
2017,412,4,1995,4,4,17.009,2.069828033,213.6,352.05705,2017_4
2017,412,4,1995,4,5,37.028,1.804622173,309.8,668.215498,2017_4
2017,413,4,1946,4,1,0.00237,7.812122345,-23.9,0.185147,2017_4
2017,413,4,1946,4,2,0.07816,6.78328228,86,5.301813,2017_4
2017,413,4,1946,4,3,1.27,3.117928267,148.65,39.597689,2017_4
2017,413,4,1946,4,4,9.851,2.26915741,213.6,223.534696,2017_4
2017,413,4,1946,4,5,17.468,2.064514637,309.8,360.629417,2017_4
2017,414,4,1958,4,1,0.00335,7.929789543,-23.9,0.265648,2017_4
2017,414,4,1958,4,2,0.15528,5.693323135,86,8.840592,2017_4
2017,414,4,1958,4,3,2.306,3.082512856,148.65,71.082746,2017_4
2017,414,4,1958,4,4,13.619,1.951168537,213.6,265.729643,2017_4
2017,414,4,1958,4,5,19.192,1.955051422,309.8,375.213469,2017_4
2017,415,4,2015,1,1,0.00128,6.402252674,-23.9,0.0819,2017_4
2017,415,4,2015,1,2,0.03693,6.931298733,86,2.559729,2017_4
2017,415,4,2015,1,3,0.847,3.754732847,148.65,31.802587,2017_4
2017,415,4,2015,1,4,7.706,2.323638678,213.6,179.059596,2017_4
2017,415,4,2015,1,5,25.238,1.874245524,309.8,473.022085,2017_4
2017,416,4,1976,1,1,0.00056,6.391364574,-37.5,0.0358,2017_4
2017,416,4,1976,1,2,0.01346,7.521526337,72.4,1.012397,2017_4
2017,416,4,1976,1,3,0.593,3.952094793,135.05,23.435922,2017_4
2017,416,4,1976,1,4,2.714,2.56982851,200,69.745146,2017_4
2017,416,4,1976,1,5,13.942,1.667146683,296.2,232.433591,2017_4
2017,417,4,1958,1,1,0.00262,6.333770275,-23.9,0.165945,2017_4
2017,417,4,1958,1,2,0.0846,5.874739647,86,4.97003,2017_4
2017,417,4,1958,1,3,1.648,3.184237003,148.65,52.476226,2017_4
2017,417,4,1958,1,4,13.867,2.068033695,213.6,286.774233,2017_4
2017,417,4,1958,1,5,26.308,1.959675789,309.8,515.551507,2017_4
2017,418,4,2003,1,1,0.00572,6.327219009,27.45,0.361917,2017_4
2017,418,4,2003,1,2,0.09395,5.482254028,137.35,5.150578,2017_4
2017,418,4,2003,1,3,3.868,2.929282904,200,113.304663,2017_4
2017,418,4,2003,1,4,14.374,2.068047762,264.95,297.261185,2017_4
2017,418,4,2003,1,5,31.712,1.642781496,361.15,520.958868,2017_4
2017,419,4,1995,1,1,0.00506,7.239047527,-23.9,0.366296,2017_4
2017,419,4,1995,1,2,0.03477,6.492120743,86,2.25731,2017_4
2017,419,4,1995,1,3,0.885,3.585831642,148.65,31.73461,2017_4
2017,419,4,1995,1,4,8.927,2.734522581,213.6,244.110831,2017_4
2017,419,4,1995,1,5,25.136,1.818045497,309.8,456.983916,2017_4
2017,420,4,1967,1,1,0.00116,6.036188126,-64.9,0.07,2017_4
2017,420,4,1967,1,2,0.01721,5.916676044,45,1.01826,2017_4
2017,420,4,1967,1,3,0.676,3.193428993,107.65,21.58758,2017_4
2017,420,4,1967,1,4,5.434,2.448221445,172.6,133.036353,2017_4
2017,420,4,1967,1,5,22.178,1.921294451,268.8,426.104683,2017_4
2017,421,4,1946,1,1,7.00E-04,5.653226852,-64.9,0.0396,2017_4
2017,421,4,1946,1,2,0.01476,6.90962553,45,1.019861,2017_4
2017,421,4,1946,1,3,1.174,3.513996601,107.65,41.25432,2017_4
2017,421,4,1946,1,4,6.473,2.291216612,172.6,148.310451,2017_4
2017,421,4,1946,1,5,16.761,2.112247229,268.8,354.033758,2017_4
2017,422,4,1995,0,1,0,7.207400322,-64.9,0,2017_4
2017,422,4,1995,0,2,0.00806,5.292142391,45,0.426547,2017_4
2017,422,4,1995,0,3,0.246,3.384986162,107.65,8.327066,2017_4
2017,422,4,1995,0,4,2.091,2.400913,172.6,50.203091,2017_4
2017,422,4,1995,0,5,6.749,1.828562021,268.8,123.409651,2017_4
2017,423,4,1967,0,1,0,6.036188126,NA,0,2017_4
2017,423,4,1967,0,2,0.00632,6.939983845,NA,0.438607,2017_4
2017,423,4,1967,0,3,0.076,3.804023266,NA,2.891058,2017_4
2017,423,4,1967,0,4,1.202,2.146946907,NA,25.806302,2017_4
2017,423,4,1967,0,5,2.722,1.864453793,NA,50.750432,2017_4
2017,424,4,1946,0,1,0,7.249447823,NA,0,2017_4
2017,424,4,1946,0,2,0.0693,5.673532486,NA,3.931758,2017_4
2017,424,4,1946,0,3,0.648,2.576592207,NA,16.696318,2017_4
2017,424,4,1946,0,4,2.18,2.044384718,NA,44.567587,2017_4
2017,424,4,1946,0,5,5.441,1.41383183,NA,76.92659,2017_4
2017,426,4,1958,0,1,0,6.781467915,-64.9,0,2017_4
2017,426,4,1958,0,2,0.07496,4.735351086,45,3.549619,2017_4
2017,426,4,1958,0,3,0.536,3.124746799,107.65,16.748643,2017_4
2017,426,4,1958,0,4,3.082,1.834899068,172.6,56.551589,2017_4
2017,426,4,1958,0,5,4.98,1.518109918,268.8,75.601874,2017_4
2017,427,4,2015,0,1,0,6.573167324,-64.9,0,2017_4
2017,427,4,2015,0,2,0.01477,5.471719265,45,0.808173,2017_4
2017,427,4,2015,0,3,0.17,3.809426785,107.65,6.476026,2017_4
2017,427,4,2015,0,4,2.033,2.239103079,172.6,45.520966,2017_4
2017,427,4,2015,0,5,6.307,1.722651243,268.8,108.647614,2017_4
2017,428,4,2003,0,1,0,6.771607876,-23.9,0,2017_4
2017,428,4,2003,0,2,0.02157,5.786750317,86,1.248202,2017_4
2017,428,4,2003,0,3,0.748,2.988280773,148.65,22.35234,2017_4
2017,428,4,2003,0,4,4.727,2.083451748,213.6,98.484764,2017_4
2017,428,4,2003,0,5,6.863,1.686160088,309.8,115.721167,2017_4
2017,429,4,2003,3,1,0.00599,7.746936798,27.45,0.464042,2017_4
2017,429,4,2003,3,2,0.20049,5.917642593,137.35,11.864282,2017_4
2017,429,4,2003,3,3,2.87,3.13448,200,89.959576,2017_4
2017,429,4,2003,3,4,17.325,1.762200713,264.95,305.301274,2017_4
2017,429,4,2003,3,5,38.856,1.409743428,361.15,547.769906,2017_4
2017,430,4,1995,3,1,0.00297,8.232488632,-23.9,0.244505,2017_4
2017,430,4,1995,3,2,0.18846,5.858535767,86,11.040997,2017_4
2017,430,4,1995,3,3,3.188,3.206539631,148.65,102.224483,2017_4
2017,430,4,1995,3,4,19.9,2.135746956,213.6,425.013644,2017_4
2017,430,4,1995,3,5,38.379,1.791754723,309.8,687.657545,2017_4
2017,431,4,2015,3,1,0.00572,8.134371758,-23.9,0.465286,2017_4
2017,431,4,2015,3,2,0.1949,6.162315369,86,12.010353,2017_4
2017,431,4,2015,3,3,2.236,3.247937679,148.65,72.623887,2017_4
2017,431,4,2015,3,4,19.042,2.020308256,213.6,384.707098,2017_4
2017,431,4,2015,3,5,36.343,1.625186682,309.8,590.641596,2017_4
2017,432,4,1946,3,1,0.00785,8.065074921,-23.9,0.633108,2017_4
2017,432,4,1946,3,2,0.25284,4.992023468,86,12.621832,2017_4
2017,432,4,1946,3,3,1.498,3.226044178,148.65,48.326142,2017_4
2017,432,4,1946,3,4,15.508,2.263050795,213.6,350.953917,2017_4
2017,432,4,1946,3,5,27.865,1.652103066,309.8,460.358519,2017_4
2017,433,4,1976,3,1,0.00252,7.166165829,-23.9,0.180587,2017_4
2017,433,4,1976,3,2,0.05749,7.663910389,86,4.405982,2017_4
2017,433,4,1976,3,3,1.398,3.392344952,148.65,47.424982,2017_4
2017,433,4,1976,3,4,2.934,2.699070215,213.6,79.19072,2017_4
2017,433,4,1976,3,5,12.845,2.029209137,309.8,260.651914,2017_4
2017,434,4,1958,3,1,0.00067,7.819323063,-23.9,0.0524,2017_4
2017,434,4,1958,3,2,0.06917,6.955415726,86,4.811061,2017_4
2017,434,4,1958,3,3,2.619,2.913783312,148.65,76.311985,2017_4
2017,434,4,1958,3,4,14.906,1.95948267,213.6,292.080487,2017_4
2017,434,4,1958,3,5,18.21,1.874046206,309.8,341.263814,2017_4
2017,435,4,1967,3,1,0.00081,6.831645489,-23.9,0.0553,2017_4
2017,435,4,1967,3,2,0.02679,7.534767151,86,2.018564,2017_4
2017,435,4,1967,3,3,1.175,3.548254251,148.65,41.691987,2017_4
2017,435,4,1967,3,4,2.912,2.629446507,213.6,76.569482,2017_4
2017,435,4,1967,3,5,14.186,2.011278391,309.8,285.319953,2017_4